Best Against,Best Favor,Best Result,Best Val Against,Best Val Favor,Best Validation
0.6811751904243744,0.694949494949495,0.7613788516033569,0.7558620689655172,0.7235387045813586,0.7980355519666057
